Merged
1,Mostafa,Mohamed,Mostafa.Mohamed@gmail.com,20/02/1979,Male,11723105513,21208194378154,20000,doctor,1,19/10/2025,active
2,alaa,ahmed,alaa.ahmed@gmail.com,25/02/1985,Female,1072370813,21208194378155,20000,doctor,1,18/10/2025,active
3,aya,nabil,aya.nabil@gmail.com,27/06/1990,Female,1292310813,21208194378156,20000,doctor,1,17/10/2025,active
4,ahmed,sami,ahmed.sami@gmail.com,13/08/1993,male,1172320813,21208198778157,1700,doctor,2,16/10/2025,active
5,mohamed,tarek,mohamed.tarek@gmail.com,25/09/1983,Male,1272813613,21208163378153,20000,doctor,2,15/10/2025,active
6,youssef,emad,youssef.emad@gmail.com,03/11/1996,male,1234567290,30111031234565,16500,doctor,2,14/10/2025,active
7,omar,khaled,omar.khaled@gmail.com,19/02/1992,male,1541223344,29202191234567,17500,doctor,3,13/10/2025,active
8,mahmoud,adel,mahmoud.adel@gmail.com,08/09/1990,male,1095667788,29009081234563,18500,doctor,3,12/10/2025,active
9,karim,hossam,karim.hossam@gmail.com,14/06/1996,male,1122337456,29606141234527,16500,doctor,3,11/10/2025,active
10,ali,hassan,ali.hassan@gmail.com,22/12/1999,male,1296778819,29912221234561,15000,doctor,4,10/10/2025,active
11,mostafa,rafat,mostafa.rafat@gmail.com,30/03/1994,male,1079889966,29403301234569,17000,doctor,4,19/10/2025,active
12,ibrahim,sherif,ibrahim.sherif@gmail.com,05/10/1991,male,1188992177,29110051232167,18000,doctor,4,18/10/2025,active
13,ziad,fouad,ziad.fouad@gmail.com,17/08/1989,male,1533335566,30008171234897,18500,doctor,5,17/10/2025,active
14,adam,yasser,adam.yasser@gmail.com,09/05/1994,male,1294508877,30305091234527,17000,doctor,5,16/10/2025,active
15,hossam,mostafa,hossam.mostafa@gmail.com,28/01/1997,male,1039554433,29701281364567,17000,doctor,5,15/10/2025,active
16,fatma,zahraa,fatma.zahraa@gmail.com,18/06/1995,female,1515689721,29506181235467,16500,doctor,6,14/10/2025,active
17,sara,mahmoud,sara.mahmoud@gmail.com,27/03/1999,female,1044579679,29903271234567,12000,doctor,6,13/10/2025,active
18,mariam,ali,mariam.ali@gmail.com,11/12/1993,female,1221334455,29312111234567,16000,doctor,6,12/10/2025,active
19,aya,hassan,aya.hassan@gmail.com,04/09/1988,female,1566238899,30109041234567,19000,doctor,7,11/10/2025,active
20,dina,ashraf,dina.ashraf@gmail.com,21/07/1997,female,1177874922,29707211234567,15000,doctor,7,10/10/2025,active
21,reem,tarek,reem.tarek@gmail.com,02/05/1992,female,1035145566,29205021234567,19000,doctor,7,19/10/2025,active
22,nourhan,ibrahim,nourhan.ibrahim@gmail.com,15/08/1998,female,1259627788,29808197234567,17500,doctor,8,18/10/2025,active
23,shahd,mostafa,shahd.mostafa@gmail.com,29/11/1993,female,1588919011,30011291234567,18000,doctor,8,17/10/2025,active
24,menna,khaled,menna.khaled@gmail.com,07/04/1996,female,1066768029,29604071234567,15000,doctor,8,16/10/2025,active
25,yasmin,samir,yasmin.samir@gmail.com,24/02/1991,female,1133445362,29102241234567,20000,doctor,9,15/10/2025,active
26,heba,ramy,heba.ramy@gmail.com,30/06/1994,female,1277871900,29406301234567,18500,doctor,9,14/10/2025,active
27,malak,waleed,malak.waleed@gmail.com,13/10/1998,female,1520034455,30210131234567,18500,doctor,9,13/10/2025,active
28,asmaa,kamal,asmaa.kamal@gmail.com,14/03/1982,female,1012885670,28203141234567,9900,nurse,10,12/10/2025,active
29,hana,saad,hana.saad@gmail.com,22/06/1985,female,1123451081,28506221234567,9800,nurse,10,11/10/2025,active
30,doaa,mostafa,doaa.mostafa@gmail.com,10/09/1987,female,1234567372,28709101234567,9700,nurse,10,10/10/2025,active
31,eman,ahmed,eman.ahmed@gmail.com,25/01/1989,female,1621223345,28901251234567,9650,nurse,10,19/10/2025,active
32,salma,adel,salma.adel@gmail.com,19/07/1990,female,1052367789,29007191234567,9600,nurse,10,18/10/2025,active
33,nehal,ibrahim,nehal.ibrahim@gmail.com,02/12/1991,female,1161478890,29112021234567,9550,nurse,10,17/10/2025,active
34,passant,fouad,passant.fouad@gmail.com,08/05/1992,female,1277893901,29205081234567,9500,nurse,10,16/10/2025,active
35,ghada,hassan,ghada.hassan@gmail.com,21/08/1993,female,1512990012,29308211234567,9400,nurse,10,15/10/2025,active
36,radwa,ramy,radwa.ramy@gmail.com,14/02/1994,female,1035145567,29402141234567,9350,nurse,10,14/10/2025,active
37,lobna,samir,lobna.samir@gmail.com,30/11/1995,female,1140056678,29511301234567,9300,nurse,10,13/10/2025,active
38,ahmed,mostafa,ahmed.mostafa@gmail.com,05/06/1980,male,1250267789,28006051234567,9250,nurse,10,12/10/2025,active
39,maha,yasser,maha.yasser@gmail.com,17/09/1981,female,1566778320,28109171234567,9200,nurse,10,11/10/2025,active
40,mohamed,sherif,mohamed.sherif@gmail.com,11/01/1983,male,1072989912,28301111234567,9150,nurse,10,10/10/2025,active
41,mayar,sherif,mayar.sherif@gmail.com,23/04/1984,female,1181190023,28404231234567,9100,nurse,10,19/10/2025,active
42,farah,rafat,farah.rafat@gmail.com,29/07/1986,female,1292008834,28607291234567,9050,nurse,10,18/10/2025,active
43,habiba,emad,habiba.emad@gmail.com,06/10/1988,female,1516223346,28810061234567,9000,nurse,10,17/10/2025,active
44,nada,tarek,nada.tarek@gmail.com,19/12/1996,female,1021834457,29612191234567,8900,nurse,10,16/10/2025,active
45,shahd,hossam,shahd.hossam@gmail.com,02/03/1997,female,1199845568,29703021234567,8850,nurse,10,15/10/2025,active
46,ahmed,ali,ahmed.ali@gmail.com,15/08/1998,male,1242656679,29808151234567,12500,oncall_doctor,17,14/10/2025,active
47,malak,ali,malak.ali@gmail.com,28/11/1996,female,1566867780,30011281234567,12500,oncall_doctor,17,13/10/2025,active
48,samy,mohamed,samy.mohamed@gmail.com,28/01/1995,male,1559865680,30011284343567,12500,oncall_doctor,17,12/10/2025,active
49,ashraf,khalid,ashraf.khalid@gmail.com,25/02/1994,male,1555467780,30011824334567,12500,oncall_doctor,17,11/10/2025,active
50,wael,radwan,wael.radwan@gmail.com,28/11/1993,male,1514867760,30011284339767,12500,oncall_doctor,17,10/10/2025,active
51,ameer,mohamed,ameer.mohamed@gmail.com,28/05/1992,male,1553221780,30011284371567,12500,oncall_doctor,17,19/10/2025,active
52,saed,nour,saed.nour@gmail.com,21/12/1993,male,1593067180,30011284554567,12500,oncall_doctor,17,18/10/2025,active
53,adham,elsharkawy,adham.elsharkawy@gmail.com,30/06/1994,male,1059867210,30011284334521,12500,oncall_doctor,17,17/10/2025,active
54,ramy,radwan,ramy.radwan@gmail.com,28/11/1994,male,1559867780,30011284334567,12500,oncall_doctor,17,16/10/2025,active
55,ahmed,elgohary,ahmed.elgohary@gmail.com,02/11/1978,male,1011479344,27811021234567,25000,Anesthesiologist,11,15/10/2025,active
56,mohamed,elshazly,mohamed.elshazly@gmail.com,15/04/1980,male,1228434455,28004151234567,25000,Anesthesiologist,11,14/10/2025,active
57,samira,omar,samira.omar@gmail.com,30/09/1982,female,1237935566,28209301234567,25000,Anesthesiologist,11,13/10/2025,active
58,yassin,nafie,yassin.nafie@gmail.com,21/06/1979,male,1544546677,27906211234567,25000,Anesthesiologist,11,12/10/2025,active
59,karim,elmasry,karim.elmasry@gmail.com,08/02/1985,male,1055643787,28502081234567,25000,Anesthesiologist,11,11/10/2025,active
60,sara,mostafa,sara.mostafa@gmail.com,17/05/1994,female,1069714890,29405171234567,9000,Receptionist,15,10/10/2025,active
61,mai,hamdy,mai.hamdy@gmail.com,09/11/1996,female,1176389901,29611091234567,8800,Receptionist,15,19/10/2025,active
62,ahmed,samir,ahmed.samir@gmail.com,23/02/1992,male,1284790012,29202231234567,9200,Receptionist,15,18/10/2025,active
63,marwa,hassan,marwa.hassan@gmail.com,12/07/1988,female,1018227894,28807121234567,14500,Pharmacist,12,17/10/2025,active
64,mostafa,adel,mostafa.adel@gmail.com,28/03/1990,male,1136334455,29003281234567,15000,Pharmacist,12,16/10/2025,active
65,yara,ahmed,yara.ahmed@gmail.com,05/09/1993,female,1233498766,29309051234567,13800,Pharmacist,12,15/10/2025,active
66,ahmed,farouk,ahmed.farouk@gmail.com,14/06/1985,male,1055997418,28506141234567,16000,Lab Doctor,13,14/10/2025,active
67,nesma,ibrahim,nesma.ibrahim@gmail.com,22/01/1989,female,1163578899,28901221234567,15500,Lab Doctor,13,13/10/2025,active
68,khaled,hany,khaled.hany@gmail.com,03/10/1991,male,1277841900,29110031234567,15000,Lab Doctor,13,12/10/2025,active
69,eman,shawky,eman.shawky@gmail.com,11/04/1987,female,1055445926,28704111234567,15800,Radio Doctor,14,11/10/2025,active
70,mohamed,rafat,mohamed.rafat@gmail.com,25/08/1984,male,1144571677,28408251234567,16500,Radio Doctor,14,10/10/2025,active
71,salma,maher,salma.maher@gmail.com,07/12/1992,female,1255637788,29212071234567,15200,Radio Doctor,14,19/10/2025,active
72,asmaa,ali,asmaa.ali@gmail.com,14/03/1995,female,1011196223,29503141234567,7000,House Keeping,16,18/10/2025,active
73,eman,samir,eman.samir@gmail.com,22/07/1994,female,1122282334,29407221234567,7200,House Keeping,16,17/10/2025,active
74,shimaa,hassan,shimaa.hassan@gmail.com,05/11/1996,female,1233367445,29611051234567,7000,House Keeping,16,16/10/2025,active
75,doaa,mahmoud,doaa.mahmoud@gmail.com,29/01/1993,female,1044874556,29301291234567,7100,House Keeping,16,15/10/2025,active
76,mai,mostafa,mai.mostafa@gmail.com,18/06/1992,female,1157398667,29206181234567,7300,House Keeping,16,14/10/2025,active
77,radwa,ibrahim,radwa.ibrahim@gmail.com,23/09/1997,female,1266620778,29709231234567,7300,House Keeping,16,13/10/2025,active
78,shaimaa,adel,shaimaa.adel@gmail.com,02/12/1995,female,1077723889,29512021234567,7000,House Keeping,16,12/10/2025,active
79,fatma,hamdy,fatma.hamdy@gmail.com,17/02/1991,female,1188865990,29102171234567,7400,House Keeping,16,11/10/2025,active
80,yasmin,khaled,yasmin.khaled@gmail.com,11/08/1993,female,1295990001,29308111234567,7100,House Keeping,16,10/10/2025,active
81,tamer,samir,tamer.samir@gmail.com,23/05/1988,male,1025258525,29308123235468,25000,Anesthesiologist,11,19/10/2025,active
82,wael,fawzy,wael.fawzy@gmail.com,21/03/1985,male,1019568759,29412568656985,25000,consultant_doctor,1,18/10/2025,active
83,aya,ahmed,aya.ahmed@gmail.com,12/05/1988,female,1235636895,29422636552365,25000,consultant_doctor,2,17/10/2025,active
84,amira,mohamed,amira.mohamed@gmail.com,15/03/1987,female,1123256985,29812232636554,25000,consultant_doctor,3,16/10/2025,active
85,mostafa,saad,mostafa.saad@gmail.com,17/04/1986,male,1023552268,29822655265254,25000,consultant_doctor,4,15/10/2025,active
86,khalid,younes,khalid.younes@gmail.com,02/01/1989,male,1245959525,29852252365236,25000,consultant_doctor,5,14/10/2025,active
87,mohamed,medhat,mohamed.medhat@gmail.com,14/03/1988,male,1023526658,29822356562695,25000,consultant_doctor,6,13/10/2025,active
88,mohamed,abdelhamid,mohamed.abdelhamid@gmail.com,19/06/1989,male,1263652535,29852324515845,25000,consultant_doctor,7,12/10/2025,active
89,tarek,hamid,tarek.hamed@gmail.com,12/02/1987,male,1147525658,29823222321254,25000,consultant_doctor,8,11/10/2025,active
90,seif,tarek,seif.tarek@gmail.com,12/01/1987,male,1022635663,29822125458158,25000,consultant_doctor,9,10/10/2025,active
91,nora,salah,nora.salah@gmail.com,15/07/1993,female,1245685236,28922232233535,9000,nurse,10,19/10/2025,active
92,alaa,mohamed,alaa.mohamed@gmai.com,13/12/1995,female,1235528528,29822352365847,9000,nurse,10,18/10/2025,active
93,mirna,kamel,mirna.kamel@gmail.com,17/05/1998,female,1123656523,29823652365268,8800,nurse,10,17/10/2025,active
94,yousrya,mohamed,yousrya.mohamed@gmail.com,22/02/1990,female,1523523524,29823352655125,8600,nurse,10,16/10/2025,active
95,heba,osama,heba.osama@gmail.com,14/01/1999,female,1523659594,29752235626523,8400,nurse,10,15/10/2025,active
96,mariam,mohamed,mariam.mohamed@gmail.com,12/03/1998,female,1235685848,29822565458823,8600,nurse,10,14/10/2025,active
97,Mostafa,Mohamed,mostafa@example.com,01/01/1990,Male,1023654789,29823654789632,15000,nurse,10,19/10/2025,Active
98,ahmed,Mohamed,mostafa1@example.com,01/01/1990,Male,1023653189,29823653187632,15000,nurse,10,19/10/2025,Inactive
99,tamer,Mohamed,tamer@example.com,01/01/1990,Male,1023994789,29823654119632,15000,nurse,10,19/10/2025,Inactive
100,farid,eldeeb,farid.eldeeb@gmail.com,15/01/1992,Male,1010654489,29821152287632,17000,oncall_doctor,17,20/10/2025,Inactive
101,islam,safwat,islam.safwat@gmail.com,15/01/1992,Male,1010654984,29823352287632,15000,oncall_doctor,17,20/10/2025,Active
102,ashraf,sobhy,ashraf@example.com,10/03/1995,Male,1015545678,1234555890,8000,oncall_doctor,17,20/10/2025,Active
103,samy,elsayed,samy@example.com,10/03/1995,Male,1011145678,1234665890,15000,oncall_doctor,17,20/10/2025,Inactive
104,saad,Mohamed,saad@example.com,01/01/1990,Male,1023654889,29823652287623,15000,nurse,10,20/10/2025,Active
