1,Walid,Nassar,walid.nassar1@gmail.com,1954-01-24,Male,01232868828,25401240818289
2,Fatma,Sami,fatma.sami2@gmail.com,1953-11-24,Female,01079254563,25311241404165
3,Ahmed,Elgohary,ahmed.elgohary3@gmail.com,1943-02-07,Male,01167827638,24302072003478
4,Sara,Elshazly,sara.elshazly4@gmail.com,1965-12-21,Female,01529587039,26512211577236
5,Mohamed,Omar,mohamed.omar5@gmail.com,1975-01-25,Male,01193702683,27501251444597
6,Mariam,Rafat,mariam.rafat6@gmail.com,1975-03-07,Female,01213718431,27503070349797
7,Mostafa,Adel,mostafa.adel7@gmail.com,1952-06-28,Male,01281030736,25206280905695
8,Aya,Hassan,aya.hassan8@gmail.com,1998-09-04,Female,01510576383,29809041838427
9,Omar,Mostafa,omar.mostafa9@gmail.com,1986-10-07,Male,01006150444,28610072229871
10,Dina,Mahmoud,dina.mahmoud10@gmail.com,1977-02-28,Female,01113556182,27702281336434
11,Ibrahim,Fouad,ibrahim.fouad11@gmail.com,1998-11-27,Male,01221831063,29811271246566
12,Reem,Sherif,reem.sherif12@gmail.com,1966-11-09,Female,01081756179,26611092122431
13,Khaled,Ibrahim,khaled.ibrahim13@gmail.com,2008-12-08,Male,01162043515,30812081335382
14,Nour,Khaled,nour.khaled14@gmail.com,1968-11-11,Female,01030742311,26811112704207
15,Tamer,Youssef,tamer.youssef15@gmail.com,1980-07-09,Male,01028317637,28007091994098
16,Shahd,Farouk,shahd.farouk16@gmail.com,1980-04-21,Female,01553100814,28004212984259
17,Youssef,Hany,youssef.hany17@gmail.com,1998-03-09,Male,01133101783,29803092473579
18,Menna,Ramy,menna.ramy18@gmail.com,2008-05-24,Female,01578320463,30805241347447
19,Hassan,Samir,hassan.samir19@gmail.com,1968-03-17,Male,01512201654,26803172506175
20,Yasmin,Tarek,yasmin.tarek20@gmail.com,1954-03-21,Female,01191332642,25403211478172
21,Karim,Hossam,karim.hossam21@gmail.com,1948-07-13,Male,01571016525,24807130972512
22,Heba,Yasser,heba.yasser22@gmail.com,1941-11-24,Female,01091497616,24111242970381
23,Mahmoud,Elmasry,mahmoud.elmasry23@gmail.com,1974-11-11,Male,01039392920,27411111420730
24,Malak,Farag,malak.farag24@gmail.com,1998-01-24,Female,01267187530,29801242523416
25,Amr,Saad,amr.saad25@gmail.com,2004-02-28,Male,01285758349,30402281779818
26,Radwa,Khalil,radwa.khalil26@gmail.com,1965-03-12,Female,01172394227,26503122569514
27,Hussein,Morsi,hussein.morsi27@gmail.com,1940-10-11,Male,01502614124,24010110447576
28,Ghada,Zaki,ghada.zaki28@gmail.com,1979-04-02,Female,01176149359,27904020311226
29,Adel,Habib,adel.habib29@gmail.com,2002-02-25,Male,01117232410,30202252262296
30,Nourhan,Khalf,nourhan.khalf30@gmail.com,2010-03-09,Female,01528427073,31003091898994
31,Ramadan,Mokhtar,ramadan.mokhtar31@gmail.com,1965-12-10,Male,01590152297,26512102148944
32,Noha,Gaber,noha.gaber32@gmail.com,1996-09-15,Female,01033273328,29609150808392
33,Nader,Hamed,nader.hamed33@gmail.com,1983-01-19,Male,01178979095,28301190800942
34,Salma,Ghazal,salma.ghazal34@gmail.com,1949-12-21,Female,01030728046,24912210304117
35,Sherif,Kotb,sherif.kotb35@gmail.com,1982-02-17,Male,01137376585,28202172263624
36,Lina,Abdelrahman,lina.abdelrahman36@gmail.com,1967-09-05,Female,01532614537,26709052661993
37,Ehab,Nagi,ehab.nagi37@gmail.com,1992-04-04,Male,01088447167,29204041446438
38,Mona,Sultan,mona.sultan38@gmail.com,1994-07-15,Female,01090377459,29407152184696
39,Hany,Badawi,hany.badawi39@gmail.com,1952-01-13,Male,01214665841,25201130825112
40,Rania,Sobhy,rania.sobhy40@gmail.com,1964-09-15,Female,01156623995,26409150636509
41,Fady,Elbaz,fady.elbaz41@gmail.com,1999-04-28,Male,01059476001,29904282672132
42,Nadine,Kamal,nadine.kamal42@gmail.com,1952-01-21,Female,01012517517,25201212530982
43,Sami,Elwan,sami.elwan43@gmail.com,1961-07-16,Male,01528688676,26107162852565
44,Maya,Helal,maya.helal44@gmail.com,1947-03-13,Female,01052401521,24703130959638
45,Rami,Galal,rami.galal45@gmail.com,1976-07-23,Male,01520776478,27607230738890
46,Doaa,Shawky,doaa.shawky46@gmail.com,1967-01-19,Female,01042091325,26701190206572
47,Sayed,Nabil,sayed.nabil47@gmail.com,2001-09-28,Male,01107634247,30109281710500
48,Eman,Gaber2,eman.gaber248@gmail.com,1963-02-20,Female,01090625494,26302202830828
49,Fawzy,Anwar,fawzy.anwar49@gmail.com,1991-02-19,Male,01177701200,29102192005209
50,Samira,Ismail,samira.ismail50@gmail.com,1950-07-22,Female,01234999379,25007220787782
51,Ashraf,Nassar,ashraf.nassar51@gmail.com,1980-04-09,Male,01517566185,28004092284607
52,Nouran,Sami,nouran.sami52@gmail.com,1978-08-11,Female,01001250299,27808111581416
53,Bassam,Elgohary,bassam.elgohary53@gmail.com,1952-02-18,Male,01167898694,25202180917361
54,Marwa,Elshazly,marwa.elshazly54@gmail.com,1984-02-08,Female,01238250360,28402080657433
55,Saad,Omar,saad.omar55@gmail.com,2009-12-10,Male,01089639081,30912102772692
56,Asmaa,Rafat,asmaa.rafat56@gmail.com,1978-11-04,Female,01135496015,27811040414029
57,Tarek,Adel,tarek.adel57@gmail.com,2010-03-09,Male,01281178885,31003090794058
58,Nivine,Hassan,nivine.hassan58@gmail.com,1983-04-22,Female,01267834855,28304221632914
59,Yassin,Mostafa,yassin.mostafa59@gmail.com,1946-02-21,Male,01537135391,24602210200464
60,Laila,Mahmoud,laila.mahmoud60@gmail.com,1982-03-21,Female,01221687165,28203212457912
61,Emad,Fouad,emad.fouad61@gmail.com,2010-12-14,Male,01015015458,31012140390573
62,Souad,Sherif,souad.sherif62@gmail.com,1959-09-02,Female,01278183110,25909021819410
63,Alaa,Ibrahim,alaa.ibrahim63@gmail.com,1995-03-02,Male,01248942697,29503022905229
64,Sahar,Khaled,sahar.khaled64@gmail.com,1985-04-22,Female,01189514287,28504220446357
65,Riad,Youssef,riad.youssef65@gmail.com,1992-10-24,Male,01131774346,29210242821299
66,Eman2,Farouk,eman2.farouk66@gmail.com,1962-07-01,Female,01198860009,26207011153964
67,Maged,Hany,maged.hany67@gmail.com,1971-05-06,Male,01051343880,27105062805075
68,Nermeen,Ramy,nermeen.ramy68@gmail.com,2000-04-07,Female,01546930359,30004071029831
69,Maher,Samir,maher.samir69@gmail.com,1968-01-22,Male,01153481198,26801221136517
70,Nahla,Tarek,nahla.tarek70@gmail.com,1948-05-12,Female,01591203377,24805122770282
71,Mounir,Hossam,mounir.hossam71@gmail.com,1982-01-04,Male,01223966966,28201041934795
72,Inas,Yasser,inas.yasser72@gmail.com,1944-02-20,Female,01546397338,24402202441114
73,Anas,Elmasry,anas.elmasry73@gmail.com,1995-10-17,Male,01051700055,29510172975574
74,Sawsan,Farag,sawsan.farag74@gmail.com,1964-05-02,Female,01500226999,26405021770575
75,Nasser,Saad,nasser.saad75@gmail.com,1965-06-14,Male,01089152472,26506141181678
76,Sanaa,Khalil,sanaa.khalil76@gmail.com,1980-11-28,Female,01096603781,28011282939363
77,Haroun,Morsi,haroun.morsi77@gmail.com,2004-05-22,Male,01543779528,30405221391384
78,Rabab,Zaki,rabab.zaki78@gmail.com,1977-09-05,Female,01156431351,27709052249695
79,Ziad,Habib,ziad.habib79@gmail.com,1962-10-19,Male,01254502486,26210191800053
80,Walaa,Khalf,walaa.khalf80@gmail.com,1978-05-07,Female,01577844239,27805072085813
81,Gamal,Mokhtar,gamal.mokhtar81@gmail.com,1981-08-15,Male,01590681152,28108150767000
82,Hend,Gaber,hend.gaber82@gmail.com,2000-12-06,Female,01038089166,30012061787012
83,Yaser,Hamed,yaser.hamed83@gmail.com,1982-02-27,Male,01190301106,28202271029444
84,Basma,Ghazal,basma.ghazal84@gmail.com,1965-03-01,Female,01032862209,26503011680120
85,Bilal,Kotb,bilal.kotb85@gmail.com,1949-08-14,Male,01196414756,24908142350328
86,Rania2,Abdelrahman,rania2.abdelrahman86@gmail.com,2003-07-08,Female,01188054615,30307082300726
87,Ala,Nagi,ala.nagi87@gmail.com,1953-07-08,Male,01193403697,25307081760889
88,Maha,Sultan,maha.sultan88@gmail.com,1946-09-08,Female,01061265269,24609080560901
89,Khalil,Badawi,khalil.badawi89@gmail.com,2007-09-20,Male,01259401199,30709202094276
90,Dalia,Sobhy,dalia.sobhy90@gmail.com,2004-07-27,Female,01521361812,30407272462216
91,Sabry,Elbaz,sabry.elbaz91@gmail.com,1997-05-25,Male,01185585469,29705250968327
92,Lamia,Kamal,lamia.kamal92@gmail.com,2002-11-08,Female,01259038700,30211080393525
93,Basem,Elwan,basem.elwan93@gmail.com,1976-04-09,Male,01242910691,27604092970798
94,Rita,Helal,rita.helal94@gmail.com,1950-03-05,Female,01151410126,25003052320028
95,Mansour,Galal,mansour.galal95@gmail.com,1967-02-14,Male,01544410148,26702141861069
96,Nadia,Shawky,nadia.shawky96@gmail.com,1993-01-07,Female,01552274692,29301072976556
97,Nabil,Nabil,nabil.nabil97@gmail.com,1942-10-13,Male,01500791358,24210131239139
98,Salsabil,Gaber2,salsabil.gaber298@gmail.com,1989-07-18,Female,01165529051,28907180835774
99,Farouk,Anwar,farouk.anwar99@gmail.com,1995-08-01,Male,01545114543,29508012289016
100,Leila,Ismail,leila.ismail100@gmail.com,1991-12-06,Female,01517129912,29112062070008
101,Walid,Nassar,walid.nassar101@gmail.com,1943-07-19,Male,01011267237,24307192156179
102,Fatma,Sami,fatma.sami102@gmail.com,1957-08-06,Female,01034917589,25708061342906
103,Ahmed,Elgohary,ahmed.elgohary103@gmail.com,1967-08-11,Male,01250885459,26708110998567
104,Sara,Elshazly,sara.elshazly104@gmail.com,1993-05-27,Female,01063123515,29305270198176
105,Mohamed,Omar,mohamed.omar105@gmail.com,2009-01-12,Male,01187260863,30901120385426
106,Mariam,Rafat,mariam.rafat106@gmail.com,1945-01-08,Female,01102735359,24501082019973
107,Mostafa,Adel,mostafa.adel107@gmail.com,1970-03-16,Male,01075694715,27003160760952
108,Aya,Hassan,aya.hassan108@gmail.com,1972-06-06,Female,01021980274,27206061014168
109,Omar,Mostafa,omar.mostafa109@gmail.com,1943-05-19,Male,01553238057,24305192325995
110,Dina,Mahmoud,dina.mahmoud110@gmail.com,1949-10-23,Female,01113676961,24910232339529
111,Ibrahim,Fouad,ibrahim.fouad111@gmail.com,1955-10-26,Male,01046600900,25510261856148
112,Reem,Sherif,reem.sherif112@gmail.com,1987-02-17,Female,01201698142,28702172855057
113,Khaled,Ibrahim,khaled.ibrahim113@gmail.com,2002-02-14,Male,01285306788,30202142960258
114,Nour,Khaled,nour.khaled114@gmail.com,1959-07-06,Female,01282666356,25907062670539
115,Tamer,Youssef,tamer.youssef115@gmail.com,2001-08-14,Male,01243258988,30108142832177
116,Shahd,Farouk,shahd.farouk116@gmail.com,1951-05-15,Female,01162372114,25105151979997
117,Youssef,Hany,youssef.hany117@gmail.com,1988-06-01,Male,01543622663,28806010663904
118,Menna,Ramy,menna.ramy118@gmail.com,1967-06-26,Female,01245679506,26706260978139
119,Hassan,Samir,hassan.samir119@gmail.com,1975-09-01,Male,01111490777,27509010894381
120,Yasmin,Tarek,yasmin.tarek120@gmail.com,1992-08-18,Female,01192692016,29208181684659
121,Karim,Hossam,karim.hossam121@gmail.com,2002-08-26,Male,01012489409,30208261029045
122,Heba,Yasser,heba.yasser122@gmail.com,1991-12-08,Female,01289115205,29112081948368
123,Mahmoud,Elmasry,mahmoud.elmasry123@gmail.com,2000-09-17,Male,01257110154,30009172472140
124,Malak,Farag,malak.farag124@gmail.com,1982-06-23,Female,01536361787,28206231032951
125,Amr,Saad,amr.saad125@gmail.com,1969-02-24,Male,01142352128,26902240497370
126,Radwa,Khalil,radwa.khalil126@gmail.com,2008-12-06,Female,01129042654,30812062463464
127,Hussein,Morsi,hussein.morsi127@gmail.com,1975-12-19,Male,01213492385,27512192725443
128,Ghada,Zaki,ghada.zaki128@gmail.com,1977-04-12,Female,01140569669,27704120192801
129,Adel,Habib,adel.habib129@gmail.com,2008-03-09,Male,01007318358,30803091838290
130,Nourhan,Khalf,nourhan.khalf130@gmail.com,1956-11-28,Female,01513769080,25611282801607
131,Ramadan,Mokhtar,ramadan.mokhtar131@gmail.com,1976-08-16,Male,01545728776,27608160606734
132,Noha,Gaber,noha.gaber132@gmail.com,1972-08-04,Female,01053782042,27208041609710
133,Nader,Hamed,nader.hamed133@gmail.com,1946-03-05,Male,01211432787,24603050815525
134,Salma,Ghazal,salma.ghazal134@gmail.com,1993-10-20,Female,01170138498,29310201359049
135,Sherif,Kotb,sherif.kotb135@gmail.com,1996-05-28,Male,01540987442,29605281981399
136,Lina,Abdelrahman,lina.abdelrahman136@gmail.com,1947-10-24,Female,01027888820,24710242127659
137,Ehab,Nagi,ehab.nagi137@gmail.com,1973-11-03,Male,01132194159,27311030672350
138,Mona,Sultan,mona.sultan138@gmail.com,1949-03-01,Female,01560465583,24903012377832
139,Hany,Badawi,hany.badawi139@gmail.com,2000-05-02,Male,01138668783,30005022337056
140,Rania,Sobhy,rania.sobhy140@gmail.com,1998-02-22,Female,01135507920,29802222681927
141,Fady,Elbaz,fady.elbaz141@gmail.com,1965-07-04,Male,01186924061,26507040534816
142,Nadine,Kamal,nadine.kamal142@gmail.com,1958-02-02,Female,01141286958,25802022098167
143,Sami,Elwan,sami.elwan143@gmail.com,1976-08-04,Male,01592432795,27608041091715
144,Maya,Helal,maya.helal144@gmail.com,1991-05-17,Female,01558755000,29105170378385
145,Rami,Galal,rami.galal145@gmail.com,1945-07-24,Male,01281029073,24507240903390
146,Doaa,Shawky,doaa.shawky146@gmail.com,1951-04-22,Female,01090232106,25104222735325
147,Sayed,Nabil,sayed.nabil147@gmail.com,1945-03-16,Male,01537333543,24503160676720
148,Eman,Gaber2,eman.gaber2148@gmail.com,1995-11-27,Female,01512246348,29511271645607
149,Fawzy,Anwar,fawzy.anwar149@gmail.com,1992-06-11,Male,01021585546,29206111153955
150,Samira,Ismail,samira.ismail150@gmail.com,2003-05-22,Female,01573832717,30305220259614
151,Ashraf,Nassar,ashraf.nassar151@gmail.com,1951-06-09,Male,01215558733,25106092552976
152,Nouran,Sami,nouran.sami152@gmail.com,2005-01-22,Female,01555465150,30501220224586
153,Bassam,Elgohary,bassam.elgohary153@gmail.com,2006-06-20,Male,01583940940,30606201599613
154,Marwa,Elshazly,marwa.elshazly154@gmail.com,1946-04-09,Female,01138658617,24604091591521
155,Saad,Omar,saad.omar155@gmail.com,2002-02-01,Male,01195265438,30202010640730
156,Asmaa,Rafat,asmaa.rafat156@gmail.com,2010-01-18,Female,01512510327,31001180814871
157,Tarek,Adel,tarek.adel157@gmail.com,1999-02-21,Male,01166890827,29902212338254
158,Nivine,Hassan,nivine.hassan158@gmail.com,2005-12-09,Female,01564759996,30512091631946
159,Yassin,Mostafa,yassin.mostafa159@gmail.com,1998-09-05,Male,01525583290,29809052066616
160,Laila,Mahmoud,laila.mahmoud160@gmail.com,1957-02-09,Female,01545617282,25702092666550
161,Emad,Fouad,emad.fouad161@gmail.com,1974-01-10,Male,01278777447,27401101986499
162,Souad,Sherif,souad.sherif162@gmail.com,2002-03-15,Female,01546321751,30203151172340
163,Alaa,Ibrahim,alaa.ibrahim163@gmail.com,2009-07-15,Male,01225320492,30907152331300
164,Sahar,Khaled,sahar.khaled164@gmail.com,1989-04-28,Female,01505858241,28904281197609
165,Riad,Youssef,riad.youssef165@gmail.com,2000-12-26,Male,01551818612,30012262285461
166,Eman2,Farouk,eman2.farouk166@gmail.com,1959-08-02,Female,01167416376,25908021943515
167,Maged,Hany,maged.hany167@gmail.com,1952-08-04,Male,01502059919,25208042418894
168,Nermeen,Ramy,nermeen.ramy168@gmail.com,1992-11-05,Female,01063013961,29211052634737
169,Maher,Samir,maher.samir169@gmail.com,1983-10-23,Male,01587219599,28310230343065
170,Nahla,Tarek,nahla.tarek170@gmail.com,2008-07-11,Female,01572613940,30807110280931
171,Mounir,Hossam,mounir.hossam171@gmail.com,1948-04-21,Male,01230532691,24804212411846
172,Inas,Yasser,inas.yasser172@gmail.com,1995-02-25,Female,01059549527,29502250690964
173,Anas,Elmasry,anas.elmasry173@gmail.com,1978-01-02,Male,01207532195,27801021046984
174,Sawsan,Farag,sawsan.farag174@gmail.com,1987-07-05,Female,01171291936,28707051474177
175,Nasser,Saad,nasser.saad175@gmail.com,1963-03-06,Male,01081804602,26303062850140
176,Sanaa,Khalil,sanaa.khalil176@gmail.com,1970-08-19,Female,01131163805,27008191583611
177,Haroun,Morsi,haroun.morsi177@gmail.com,1972-08-09,Male,01062445234,27208092937700
178,Rabab,Zaki,rabab.zaki178@gmail.com,2009-03-03,Female,01546381032,30903031939210
179,Ziad,Habib,ziad.habib179@gmail.com,1994-12-09,Male,01540550084,29412090750422
180,Walaa,Khalf,walaa.khalf180@gmail.com,2001-02-08,Female,01576762164,30102081275341
181,Gamal,Mokhtar,gamal.mokhtar181@gmail.com,1977-12-10,Male,01088346110,27712101335976
182,Hend,Gaber,hend.gaber182@gmail.com,1941-10-28,Female,01081390501,24110282465107
183,Yaser,Hamed,yaser.hamed183@gmail.com,1976-04-20,Male,01229394291,27604202124920
184,Basma,Ghazal,basma.ghazal184@gmail.com,1972-11-25,Female,01184322033,27211250482242
185,Bilal,Kotb,bilal.kotb185@gmail.com,1945-05-26,Male,01504478111,24505261947823
186,Rania2,Abdelrahman,rania2.abdelrahman186@gmail.com,1956-02-10,Female,01255767881,25602100626318
187,Ala,Nagi,ala.nagi187@gmail.com,1956-09-12,Male,01222084778,25609120963156
188,Maha,Sultan,maha.sultan188@gmail.com,1977-12-28,Female,01215457816,27712281509869
189,Khalil,Badawi,khalil.badawi189@gmail.com,1958-04-28,Male,01574801233,25804281211836
190,Dalia,Sobhy,dalia.sobhy190@gmail.com,1990-01-09,Female,01061040347,29001091288188
191,Sabry,Elbaz,sabry.elbaz191@gmail.com,1973-10-13,Male,01214541967,27310132230647
192,Lamia,Kamal,lamia.kamal192@gmail.com,2000-01-20,Female,01281883846,30001200884889
193,Basem,Elwan,basem.elwan193@gmail.com,1948-11-27,Male,01594096984,24811271085097
194,Rita,Helal,rita.helal194@gmail.com,1992-02-05,Female,01004994527,29202051064569
195,Mansour,Galal,mansour.galal195@gmail.com,1954-02-08,Male,01152163160,25402081548629
196,Nadia,Shawky,nadia.shawky196@gmail.com,2009-07-19,Female,01155684858,30907192112978
197,Nabil,Nabil,nabil.nabil197@gmail.com,2002-10-14,Male,01204391105,30210142348566
198,Salsabil,Gaber2,salsabil.gaber2198@gmail.com,1967-08-15,Female,01148678896,26708150489873
199,Farouk,Anwar,farouk.anwar199@gmail.com,1987-09-21,Male,01208126895,28709211336160
200,Leila,Ismail,leila.ismail200@gmail.com,1964-02-28,Female,01512304198,26402282227801
